<?xml version="1.0" encoding="UTF-8"?>
<people>
	<person>
		<name>Rohit Sharma</name>
		<role>Batsman/Captain</role>
		<matches>268</matches>
		<average>49.05</average>
        <image>Rohit Sharma.jpeg</image>
        <url>https://www.espncricinfo.com/cricketers/rohit-sharma-34102</url>
        <style>Right Hand Batsman/Right Arm Off-break Bowler</style>
     </person>
    <person>
        <name>Shubman Gill</name>
        <role>Batsman/Vice-Captain</role>
        <matches>50</matches>
        <average>60.16</average>
        <image>Shubman Gill.jpeg</image>
        <url>https://www.espncricinfo.com/cricketers/shubman-gill-1070173</url>
        <style>Right Hand Batsman/Right Arm Off-break Bowler</style>
     </person>
    <person>
        <name>Virat Kohli</name>
        <role>Batsman</role>
        <matches>297</matches>
        <average>57.93</average>
        <image>Virat Kohli.jpeg</image>
        <url>https://www.espncricinfo.com/cricketers/virat-kohli-253802</url>
        <style>Right Hand Batsman/Right Arm Medium Bowler</style>
     </person>
    <person>
        <name>Shreyas Iyer</name>
        <role>Batsman</role>
        <matches>65</matches>
        <average>48.18</average>
        <image>Shreyas Iyer.jpeg</image>
        <url>https://www.espncricinfo.com/cricketers/shreyas-iyer-642519</url>
        <style>Right Hand Batsman/Right Arm Off-break Bowler</style>
     </person>
    <person>
        <name>KL Rahul</name>
        <role>Batsman</role>
        <matches>80</matches>
        <average>47.59</average>
        <image>KL Rahul.jpeg</image>
        <url>https://www.espncricinfo.com/cricketers/kl-rahul-422108</url>
        <style>Right Hand Batsman/Wicket-keeper</style>
     </person>
    <person>
        <name>Rishabh Pant</name>
        <role>Batsman/Wicket Keeper</role>
        <matches>31</matches>
        <average>33.50</average>
        <image>Rishabh Pant.jpeg</image>
        <url>https://www.espncricinfo.com/cricketers/rishabh-pant-931581</url>
        <style>Right Hand Batsman/Wicket-keeper</style>
     </person>
    <person>
        <name>Hardik Pandya</name>
        <role>All-rounder</role>
        <matches>89</matches>
        <average>33.42</average>
        <image>Hardik Pandya.jpeg</image>
        <url>https://www.espncricinfo.com/cricketers/hardik-pandya-625371</url>
        <style>Right Hand Batsman/Right Arm Medium Fast Bowler</style>
     </person>
    <person>
        <name>Axar Patel</name>
        <role>All-rounder</role>
        <matches>63</matches>
        <average>21.74</average>
        <image>Axar Patel.jpeg</image>
        <url>https://www.espncricinfo.com/cricketers/axar-patel-554691</url>
        <style>Left Hand Batsman/Slow Left Arm Orthodox Bowler</style>
     </person>
    <person>
        <name>Washington Sundar</name>
        <role>All-rounder</role>
        <matches>23</matches>
        <average>27.87</average>
        <image>Washington Sundar.jpeg</image>
        <url>https://www.espncricinfo.com/cricketers/washington-sundar-719715</url>
        <style>Left Hand Batsman/Right Arm Off-break Bowler</style>
     </person>
    
    <person>
        <name>Ravindra Jadeja</name>
        <role>All-rounder</role>
        <matches>199</matches>
        <average>32.69</average>
        <image>Ravindra Jadeja.jpeg</image>
        <url>https://www.espncricinfo.com/cricketers/ravindra-jadeja-234675</url>
        <style>Left Hand Batsman/Slow Left Arm Orthodox Bowler</style>
     </person>
    
    <person>
        <name>Kuldeep Yadav</name>
        <role>Bowler</role>
        <matches>108</matches>
        <average>26.22</average>
        <image>Kuldeep Yadav.jpeg</image>
        <url>https://www.espncricinfo.com/cricketers/kuldeep-yadav-559235</url>
        <style>Left Hand Batsman/Left Arm Wrist Spin Bowler</style>
     </person>
    
    <person>
        <name>Harshit Rana</name>
        <role>Bowler</role>
        <matches>3</matches>
        <average>24.33</average>
        <image>Harshit Rana.jpeg</image>
        <url>https://www.espncricinfo.com/cricketers/harshit-rana-1312645</url>
        <style>Right Hand Batsman/Right Arm Fast Bowler</style>
     </person>
    
    <person>
        <name>Mohammed Shami</name>
        <role>Bowler</role>
        <matches>103</matches>
        <average>23.96</average>
        <image>Mohammed Shami.jpeg</image>
        <url>https://www.espncricinfo.com/cricketers/mohammed-shami-481896</url>
        <style>Right Hand Batsman/Right Arm Fast Bowler</style>
     </person>
    
    <person>
        <name>Arshdeep Singh</name>
        <role>Bowler</role>
        <matches>9</matches>
        <average>23.00</average>
        <image>Arshdeep Singh.jpeg</image>
        <url>https://www.espncricinfo.com/cricketers/arshdeep-singh-1125976</url>
        <style>Left Hand Batsman/Left Hand Medium Fast Bowler</style>
     </person>
    
    <person>
        <name>Varun Chakravarthy</name>
        <role>Bowler</role>
        <matches>1</matches>
        <average>54.00</average>
        <image>Varun Chakravarthy.jpeg</image>
        <url>https://www.espncricinfo.com/cricketers/varun-chakravarthy-1108375</url>
        <style>Right Hand Batsman/Leg-break Bowler</style>
     </person>
    
    <person>
        <name>Yashasvi Jaiswal</name>
        <role>Batsman(sub)</role>
        <matches>1</matches>
        <average>15.00</average>
        <image>Yashasvi Jaiswal.jpeg</image>
        <url>https://www.espncricinfo.com/cricketers/yashasvi-jaiswal-1151278</url>
        <style>Left Hand Batsman/Leg-break Bowler</style>
     </person>
    
    <person>
        <name>Mohammed Siraj</name>
        <role>Bowler(sub)</role>
        <matches>44</matches>
        <average>24.04</average>
        <image>Mohammed Siraj.jpeg</image>
        <url>https://www.espncricinfo.com/cricketers/mohammed-siraj-940973</url>
        <style>Right Hand Batsman/Right Arm Fast Bowler</style>
     </person>
    
    <person>
        <name>Shivam Dube</name>
        <role>All-rounder(sub)</role>
        <matches>4</matches>
        <average>10.75</average>
        <image>Shivam Dube.jpeg</image>
        <url>https://www.espncricinfo.com/cricketers/shivam-dube-714451</url>
        <style>Left Hand Batsman/Right Arm Medium Bowler</style>
     </person>
    
    <person>
        <name>Gautam Gambhir</name>
        <role>Head Coach</role>
        <matches>-</matches>
        <average>-</average>
        <image>Gautam Gambhir.jpeg</image>
        <url>https://www.espncricinfo.com/cricketers/gautam-gambhir-28763</url>
        <style>-</style>
     </person>
    
    
    

